is_base64,not_base64,lead_in,token,trail_out
TRUE,FALSE,rg3AvdExTqyulazUrrNK8AVrtZg/5r0O+,a3IWST6,/Fv0kXd0nCaWAMTV+xgkAL1VkMYiT19w
TRUE,FALSE,"rc=""https://assets.adnuntius.com/",A6Mspp5,-NF5w1M1FaOxoRwkm3FGHc3IZjeDAtuA
TRUE,FALSE,T4mzlxXZ7esqyKNKQCX96s80XeHKveru+,A7Uria,/qEvCRa7Em1hfG4o4nN6gAueyO24fmhJi
TRUE,FALSE,sAUQ57qvBRC9tq4FEKrYsAUQkLKwBRDZy,a8FEIO,_sAUQt-r-EhDS4LAFEKKBsAUQx86wBRCd
TRUE,FALSE,QgqKwBRD72rAFEPnksAUQ9uCwBRC8-,a8FENfgsAUQt,-r-EhDvzbAFEN3o_hIQ6sOvBRDW1rA
TRUE,FALSE,Vwo4CGMKTwps3wp7DjSfCoXpxcRvDqn4+,A8Kawo,/DqcOgRWLCq1htwqI2w5MuwrzCvBATSU7
TRUE,FALSE,"False,0px){ .use-media-queries .ERF5R1.",A9WFUN,{width:40px;height:40px}} .gt-xs
TRUE,FALSE,F3T+F2PILDNdEodHad/AWye81Ajbm8cM+,abITKI,/VeQKFp1aYAUTG4wivnKXSV8D36TfjzVJ
FALSE,TRUE,eveloper Marketing Can Teach All,ABMers,"</strong> <div class=""padding-top"
TRUE,FALSE,LYMoaie1bq1NblbT8qJD7yLui5I1e/,aCOnZADJ9SaP,+P2WpckpuUhlNyzDjxaneDqp4TB7G4
TRUE,FALSE,2/Homepage_Banner.png.webp?itok=_,ADALubz,); } } /* Desktop 2x*/ @media(mi
FALSE,FALSE,,AdEbis,
TRUE,FALSE,PiAZmi9XOjYhRyiz+q8NPbUR7qR75/,adpi9LbJjiaI,/pvRxbi/N9wcsORkxfSr+ONobrR2x2
TRUE,FALSE,HIakBHp1aJOKMBRjzLK50sHy1QtMIwH+,aeiu09I96,/5989yx4pF9s2fJfAtmCx4aU2KkKNui
FALSE,TRUE,style>/* @see https://github.com/,aFarkas,/lazysizes#broken-image-symbol *
TRUE,FALSE,scontent-lhr8-1.xx&amp;oh=00_,AfDOScZbxtRV,_7nE5UjzqVJPmf3rH5xYebI1ryDVXH
TRUE,FALSE,_ht=scontent-lhr8-1.xx&amp;oh=00_,AfDwksN,-ILgEXHLXsEA8c05yR8xtiKiYfPjKY79
FALSE,TRUE,"karl.groves@afixt.com My company, ",AFixt,exists to do one thing: Fix acce
FALSE,TRUE,"turn!0;var c=AiCookies.getJSON(""",aiBLOCKS,""");ai_debug_cookie_status="""";nul"
TRUE,FALSE,"url\"":\""https://yt3.ggpht.com/ytc/",AIdro,_nSPENSIKk6bAnuRh0DSXs2zPUjZFA1gU
TRUE,FALSE,iAUTdcS0jhNlJ6yq-Am0SasyZkJVZ148-,AiGifuK,-ASlSY4zJ6uyj14Tdfuq-WF3deBoJ6TR
TRUE,FALSE,:0;top:0}.WQ4fSJ{cursor:pointer}.,aizuI7,{-webkit-tap-highlight-color:rgba
FALSE,TRUE,"ub""><a href=""https://github.com/",AKASHAorg,"/"" target=""_blank"" rel=""norefer"
TRUE,FALSE,R7LDDVwP3dKsWcVKZ2jS42l8nMSkL/,akfgAsXPosY2,/1d4T0EIQHzN9bR+PHAB16jwjC8mjF
TRUE,FALSE,s:center;justify-content:center}.,AKTAAd,{display:flex;flex-direction:row;
FALSE,TRUE,"u-mlid-5339""><a href=""/advocacy/",ALAwash75,"""><span>75th Anniversary</span>"
FALSE,TRUE,"""qsbMselect qsbMselectNoBorder ",altBGcta,"""> <div class=""qsbMpad5""> <img i"
TRUE,FALSE,Footer__ExternalLink-sc-10holuv-3,aLYTO,""">Documentation</a><a href=""https"
FALSE,TRUE,"><div class=""lsow-label"">Redalyc/",AmeliCA,"</div></div></div><div class=""ls"
TRUE,FALSE,P.RDPZE {border-color: #5F6368;}.,aomaEc,".N2RpBe:not(.RDPZE) .Id5V1, .aoma"
TRUE,FALSE,Q\u003d\u003d\\u0026rs\u003d,AOn4CLBlodALrMO4,"-OfxADW4JPnYXblHHA\"",\""width"
TRUE,FALSE,UgWihGMA8\u003d\\u0026rs\u003d,AOn4CLCgArkb,"-DIYoNK54tvmznaJXid9Hw\"",\""wid"
TRUE,FALSE,GGUgVihTMA8\u003d\\u0026rs\u003d,AOn4CLDC,"_Yh3a9Ejh_oMFk6Rw1i96NhNfg\"",\""w"
TRUE,FALSE,"{""googMsgType"":""pvt"",""token"":""",AOrYGslmCC,_DqVb9hCVmyZh297d4T6SFxpj1VnETM
TRUE,FALSE,MqzzI5uHZesAP6AWu632ezh76daad+p+,aOtTafta5,/rz2jhspEjcfTNP0Xi2gVj+5QQUcK2V
TRUE,FALSE,zjmIcbJkoJGh/og1eomxpw6xCl9sjb3+,APiow8B9,+2VDanxl2YMs8xcmj6uFIKH81ND6S/01
TRUE,FALSE,myc83XSvFGXYdSrUPpvKSMNGt719IxO/,apKMcifNC,+elrmvzWd9bMIWKEXw6iHMhHjP9ojar
FALSE,TRUE,"ction(t,e,n){var o=""aplus&sidx=",aplusSidex,""",a=t||o;try{if(e){var r=n.para"
FALSE,TRUE,"cate"" style=""max-width: 15rem;"">",ArbiNYAN," <span class=""text-muted"">(NYAN)"
FALSE,TRUE,"Cy<span class=""code_juniper-meta__",aRELD,""">spaCy v3.7 · Python 3 · via <a "
FALSE,TRUE,"ut Tool)</a> — <a href=""/project/",ARMify,""">ARMify</a> — <a href=""/project/"
FALSE,TRUE,sta Boda\nMeta\nMuseum of Modern,ArtNASA,\nNeiman Marcus\nNew Seasons Mar
TRUE,FALSE,AIA_KNa2vOX5_____wEozfjNmPr_____,ASipiYPm,-_____8BKLeikpn5_____wEo3dHCkfr_
FALSE,TRUE,"|irc.argentinachat.com.ar:6667"",""",ASoTnet,"|irc.aseriesoftubez.com:+6697"","""
FALSE,TRUE,"150="""" href=""https://github.com/",asyncLiz,/rollup-plugin-minify-html-liter
FALSE,TRUE,"traIRC|irc.astrairc.com:+6697"",""",AtbrWork,"|irc.atbr.work:6668"",""AtomicEdge"
FALSE,FALSE,,AureHAL,
FALSE,TRUE,"p-1""><img src=""/token/images/Aave_",aUSDC,"_32.png"" width=""14"" height=""14"" c"
FALSE,TRUE,Automated Machine Learning with,AutoGluon," Library in Python"" aria-label="
FALSE,TRUE,"li><a href=""/aweber-alternative"">",AWeber,alternative</a></li> <li><a href
TRUE,FALSE,-5)))} .I3k6av{min-width:250px} .,awnedC,{background-color:rgba(var(--box-
TRUE,FALSE,ojarnEfb4vR+0KZ0WLxAO1B9CoIQL1D/,AXTA3RCh,+nsks6qT2rTPufhnHSdyQf2zFjsdMSEM
TRUE,FALSE,gletagmanager.com/gtag/js?id=G-,B5WDBR47LC,""" class=""optanon-category-C0002"
FALSE,TRUE,"""https://twitter.com/barchboi"">",BARCHboi,</a> who made the lovely and str
FALSE,TRUE,".php?ch=bartab&amp;sc=barchive"">",BARchive,"</a></li> <li><a href=""/index.ph"
FALSE,TRUE,|A101IT)\\b|Qilive 97R|Archos5|\\,bARCHOS,(70|79|80|90|97|101|FAMILYPAD|)
FALSE,TRUE,w.barmokum.nl/wp-content/uploads/,BarMoak,_20200443-1-683x1024.jpg') !impo
FALSE,TRUE,"/ebar.com/channel.php?ch=bartab"">",BARtab," <span class=""fa arrow""></span></"
TRUE,FALSE,tainer__Title-sc-d4asbm-5 jSJuux,bCccan,""">Your key to blockchain applicat"
TRUE,FALSE,e1Ic0fmmmWzbmTD8vVhjQwKJGv67wo3_,bcFySARGE,_D0zXtIQ97WD9aWTzziV9cDmZWOwcPs
TRUE,FALSE,ator.com/vite/assets/sso-server-,BE2SMphg,".js"" crossorigin=""anonymous"" typ"
FALSE,TRUE,FAST? Here are the WHATS'ON and,BeBanjo,capabilities for audience engag
FALSE,TRUE,: +150% } @font-face { src: url(,BebasNeue,.otf); font-family: 'bebas'; }
TRUE,FALSE,rSlotRenderer-sc-1weaxkp-0 yMGkH,bevkHo,""" data-test=""@web/SlotRenderer""><"
TRUE,FALSE,"ontrol""><div class=""sc-190tvj8-0 ",beVlab," css-hlgwow""><div class=""sc-190tv"
TRUE,FALSE,oITg427Sq09VRATM4rIQVFQLmyAW93SD/,BeWWFK,+kDIP/xuElDWBntFC5ZFqbl0zykcEPUaL
FALSE,TRUE,gletagmanager.com/gtag/js?id=G-,BG9RESP93M,"&amp;l=dataLayer&amp;cx=c""></sc"
FALSE,TRUE,"-js-extra""> /* <![CDATA[ */ var ",bgmpRegi," = {""regi_signup_form_path"":""htt"
FALSE,TRUE,ary2:#fff;--BGQuaternary:#fff;--,BGQuinary,:#fff;--BGReverse:#fff;--BGReve
FALSE,TRUE,"earch""> <div class=""flyout-inner ",bgSrch,"""> <form action=""https://www.lieb"
TRUE,FALSE,"Ij3Wp8lg5Kz"",""c"":1,""p"":"":1210""},""",BI5Smsp,""":{""type"":""js"",""src"":""https:\/\/"
TRUE,FALSE,"ay=""none,block"" class=""sc-gsTDqH ",biabiR,"""><h1 lineheight=""150%"" letter-sp"
FALSE,TRUE,no;Cochin;Chalkboard;Sathu;Osaka;,BiauKai,;Segoe UI Symbol;Aparajita;Krung
FALSE,TRUE,"67820540 go214382937""><img alt=""",BlakYaks," (KCSP) logo"" class=""go150335510"
TRUE,FALSE,"ich.</p><a class=""footer_careers__",BlfdI,""" href=""/team/careers"">View Caree"
FALSE,TRUE,olio X7|Evolio X8|\\bEvotab\\b|\\,bNeura,"\\b"",LavaTablet:""QPAD E704|\\bIvo"
TRUE,FALSE,public/kropman-rosanne.jpg?itok=,bobjEGHK,""" alt=""""></a></div></div></div> "
FALSE,TRUE," by <a href=""https://twitter.com/",BoKaier,""" data-type=""URL"" data-id=""https"
FALSE,TRUE,"c.bondage.international:+6697"",""",BoonJSOC,"|irc.boonjsoc.com:+6697"",""Bootle"
FALSE,TRUE,softGreen-darken4: #4d7b72; --v-,BOSABlue,-base: #057a8b; --v-BOSABlue-lig
TRUE,FALSE,B1KPAeEbYvUGdS7fCDXlMOqx/COdbFcAf+,BpomA,/ANdsc2vBzpOT60UWbtmrhnLA9z4k+ZAK
TRUE,FALSE,":#a3c9ff;--xPpiM:#001d35}.k0Jjg,.",brKmxb,:focus-visible{outline:0}.k0Jjg:f
TRUE,FALSE,BANQD6Z&amp;sig=Cg0ArKJSzEB1prdz-,brMEAE,&amp;uach_m=%5BUACH%5D&amp;adurl=
TRUE,FALSE,Crm0mnD8udVr8c++Di2sdBwJyqZOreO/,bSU5KUTU,/7V6BYYnM6fzI9dTH0dPROjc1zFqMcUg
TRUE,FALSE,"pi_composition-api-setup.md\"":\""",BtBujjiN,"\"",\""guide_reusability_plugins.m"
FALSE,TRUE,"g(verSize).setTargeting(""pos"", [""",BTFvert,""" + Number(contador - 1), tgt()]"
TRUE,FALSE,7Qg5k8gJNvKAV2L32RLMqFNskOw_d06_,bUnraFF6,_lLFPF3KWt3SPYaKTRzOdwxctoxacOKP
TRUE,FALSE,"ss=""j-image"" data-external-id=""",C2AS9TDMEMy,""" data-image=""https://www.juic"
TRUE,FALSE,id=18de74&amp;_nc_ohc=AUnzWVmMG-,cAb5ISMA8,&amp;_nc_oc=AdgQ3kR33Q-DSrLfKuP
FALSE,TRUE,"e"": ""Answer"", ""text"": ""Hiện tại, ",CaKhia,Live chính là trang web mà bạn n
TRUE,FALSE,eCases__UseCaseItem-sc-1rjq93b-2,cAktiA,"""><div><div><img data-ot-ignore="""
TRUE,FALSE,Kmj5TlWACxI6w93htIyhX3y1z92fIpzm+,CAnGagg,/qgPOEoUAQj7r6ua7oDzFy8pD1JdOvf+
TRUE,FALSE,MLnULbJQYCSdzUfQQJpbrYkIiny6ei0+,cbrkYRShN,+AS4F8JFBHIfsd+QyPX962SfqbYrP6S
FALSE,TRUE,".csprv=!0,I.cepl=16E3,I.cls=!0,I.",ccNcss,#ERROR!
TRUE,FALSE,-iuEC4AnqnUpsrC5LvKTvCC4FP1kbGR-,CeMt3Rozb,_kse6Tw2mF5SmKvSx5Mp0NkTnSBysV9
TRUE,FALSE,"e.</div><div class=""sc-1x6rdf2-5 ",cfbgIi,""">if you're a CRED member, you're"
TRUE,FALSE,J2BkDDiwRmw6Rrw4PCr8K6w6kGKcOOwr/,Ch8ONAH,/CscKtw7oMw4xdw6gAMMKOw7Nzw5NXMB
TRUE,FALSE,00&amp;usg=AOvVaw0qvJYW53IbwqYkl_,chchrT,""">https://<span class=""il"">zoom</"
TRUE,FALSE,"sc-jgaZKu jyhVoC""><div class=""sc-",chKlql," hteyPf""><div class=""sc-dhOozE kS"
TRUE,FALSE,1qasOMwqJZQcOkT8K7w49Vw5vDqsOaBx/,ChMKnwq,/DnMOAw63Cl8K8cwUrw78kC1XDs8K9wr
TRUE,FALSE,pfCmDTDlcOBw6jCugtVF0MIw5ttUC/,ChMOzATNRInt,+w4Zyw5zCtMKhAR3CkcKpEknDgsO+w
TRUE,FALSE,\u003dAOn4CLDIVTz5wUv6EOYMV3_bDU_,cjjjGSw,"\"",\""width\"":480,\""height\"":360}"
TRUE,FALSE,bCl2sIOcKTGFrCpggxw7bDrVEkRcKUw7/,CjxkReA,/DrMOBZRkSICXCulQMwq9rwo5oXlNgwr
TRUE,FALSE,HCuklaMEzDsx7CtinCqMObAcKvd0wOJ1/,ClMOSP3,/Dt8OmwrvDqMKiHjA9woHDjkrDl8KYw7
TRUE,FALSE,"s</h2><ol class=""Box-sc-g0xbh4-0 ",cmAPIB,"""><li class=""Box-sc-g0xbh4-0 jwXC"
TRUE,FALSE,O3w6nCjcOHcQhbR8KwRTzCvMKlYsOyAx/,CmCApwr,/ChcOXw6bDr8KQw4gtUsOEPxnDnsObw7
FALSE,TRUE,8080; font-style: italic;} .sql .,coMULTI,{color: #808080; font-style: it
TRUE,FALSE,PDucKwwqkowqLDoHYNOjI7cMK1w5tswp/,ConnDoi,/DjcOnwrvDqTrCp8OJwptxw5jDvDbDrH
FALSE,TRUE,"k"" href=""https://www.conoha.jp/"">",ConoHa,"</a></dd><dd><a rel=""nofollow noo"
TRUE,FALSE,Q8pcpd3-MvTq-dWbopNmqYaXUXv2-,CovoM1F7AANc4A,_GHJRrOKBhqkoUV6Bc4D7tMhPCOCf
TRUE,FALSE,c-d8229fab-2 sc-946ad83-1 ewCjVN,cpfrOh,"""><h1 class=""sr-only"">Sign Up</h1"
TRUE,FALSE,"t-pt_presets_tokyo-night.md\"":\""",CR9TITNA,"\"",\""pt-br_config_index.md\"":\""B"
TRUE,FALSE,Cv8OrVUXDn0NZwrLDlnVhZMKjwppewr/,CrCLCmml,+dz4cw5nDh8Ofw5J3wr0iw7XDncK3Hnb
TRUE,FALSE,bDu2XDnxZuMcKwT1QrwqLDrGtnwqnDiT/,CrXRowo,/CqSszCjTDoT5ZwqHDiWLCvMKnwoYqW8
TRUE,FALSE,gw6U5cz1Tw7cnEcK5Z8KLw4/CsELCoR/,CsivClMO,+wo3DmsKYWsOmCcK1w55iwo9cOX5WQ8O
FALSE,TRUE,"PtNSKafudr16odFL1eQte0vR0Py""},""",csrfSymfony,""":{""token"":""rf7iFVwCt0JYdpA24b"
TRUE,FALSE,kMOJwpdawqgYFlYzdBDCtQPDvXDDtn/,CssKqEMKjwp,/CrCPCvWdfw4ALAcKWEVjCqcKew7TC
TRUE,FALSE,getWrapper__Wrapper-sc-1bv4zy4-0,ctHpde,"""><span data-focus-scope-start=""t"
TRUE,FALSE,bChFnDmD5NMsOmw6nCrsOpHm/Dv8KQHz/,CtMOQED,/DvcKaG1zCn29pKsKVHsKYw4LCqsKRw4
TRUE,FALSE,MscYC5Ny7tOd+1TY+0keO5+7cGvBDfL/,ctMRrea6,/FlwhZyP50HePPt5nHlSLzsTgnm5A1V8
TRUE,FALSE,dUa8Kuw4DDn8OsMBvDqsO9wpnCtsOMHn/,CtsKhwo,/Cu27DjEnDhcObaR8DaMKow41gw6rDlF
TRUE,FALSE,oLCucOBwpYQw5XCi2PDhMO1FVF5wr/,CtUMaAsKjacO,/woLCtMOvw4LDpnfCssKsT34yw7fDr
TRUE,FALSE,"12 bOwjEb""><p class=""sc-w55g5t-2 ",cyubVe," sc-a98dl2-14 epTKbx""><span>© Nin"
FALSE,TRUE,"licy .checkbox { font-family: """,DAZNOscine,""", ""Oscine"", AxisSTD, ""Helvetic"
TRUE,FALSE,"nt with GitOps"" class=""sc-fmrZth ",dbTOUD,"""></div><div data-part-id=""flex"" "
TRUE,FALSE,QyE95RHeuS0Y5cwE6pXkwaF1fWFH+,DcPeMOEKNeEPoO,/o9EqKXiC8dmtflz7MugVKOhJely9
FALSE,TRUE,"rySelectorAll('html[lang],[name=""",DCSext,".la""]')] .map(e => { const lang ="
FALSE,TRUE,"255&a}function LMMC(){DX=getDX(),",DESTOff,"=getDestPlaneBOffset(),DY=getDY("
FALSE,TRUE,"6 uis-debug uis-debug--heading"">—",DeVeor," R, Skillshare student</p></div><"
TRUE,FALSE,CLtNabXu08GY2phVuMeI_kjUBA6Fw-,dfFtcTIAuri06,_JEKEWdt35JgYdOXYA6f4t5Vn8crY
TRUE,FALSE,v4Fb(rymPhb);Oyo5M:b5fzT(rymPhb);,DimkCe,:TQSy7b(rymPhb);m0LGSd:fAWgXe(rym
TRUE,FALSE,NcOVwoHDgMKLQMOiR0PDr8KMw4BVwo/,DiMOIwonDoV,/CnFYqw4IWwqIuw4jCmMKGwpvDscOB
TRUE,FALSE,DusOiwrHDhsOawoDDhsOrE8OFMT3Dnm/,DiMOIX8K,/w68YWwwSSjvDlFI3ZnLDkBF7w4hlekp
FALSE,TRUE,"""nav-link"" style=""width: auto;"">",DINAcon,"</a></li> <li id=""menu-item-136"""
TRUE,FALSE,9cYZTAeI3uqSbmdDFetU5bipKXFclZq+,djewMgco,+XtJ7L7xjC8cbYbXraFKy08qg6jOtI0h
TRUE,FALSE,LqkKtf{border-radius:50%}.LqkKtf.,DngrPc,{left:50%;margin-left:-50vw;margi
TRUE,FALSE,w6PDsAkGIsOtw5TCjQfCj0TCocKqEW/,DoBTDgMOPES,/DhgEsA8OFwqzCn1cBalfDscKRw7Yy
TRUE,FALSE,br0slYnkhDYRo4C0FXCFrKvDoHP5Dv5D+,dohlPp,+89+b367t/UlvT/vQlt0KwGWh1wckcTKS
TRUE,FALSE,1dI0ZLoreIMwHdMydbO6EwOzTBoFgZKv/,dosaNO,+K5o4FYMisIReqFMe+IMVMYd/yANVSIZQ
FALSE,TRUE,implified Arabic;GulimChe;Dotum;,DotumChe,;GungsuhChe;Gungsuh;BatangChe;Me
TRUE,FALSE,rzs-1 sc-47918cb-0 sc-74918e38-1,drogAu," eqdOIn dgBldC jGFBlZ""><li class="
FALSE,TRUE,""" src=""/assets/polyfills-legacy-",DrPoZund,".js""></script> <script nomodule="
TRUE,FALSE,"s=""sc-bn9ph6-0 bYwpCj sc-2o1uwj-5 ",duclA,"-d""><label class=""sc-bn9ph6-1 hMU"
TRUE,FALSE,gD:active{opacity: 0.7;}.yaqOZd .,duRjpb,:not(.TYR86d):not(.Ap4VC):first-c
TRUE,FALSE,eateImage-css-in-js__sc-o5iivv-0,dWjzoA,widget-cloudcast-cover-container
TRUE,FALSE,n-width:200px;top:34px} .EKJcYR .,dWlnoI,{margin-inline-start:24px} .EKJcY
TRUE,FALSE,inZV01vvYQ+scBdvgu8eEJxRpLtsN7x+,ecKwpn56F,/gUmdcGHC1FIuGTFNorQappLwxapEhW
TRUE,FALSE,rEapkmFmPirpE1Khk2X/KkwbuyWdX0J9+,EDaTany,+0+k2yeCc353g2Z6cuNpC10Qfvt3aS2g
FALSE,TRUE,"rtager-et-proteger-ses-donnees""> ",EDUbox," ""Data en Privacy"" : le bon équil"
TRUE,FALSE,FiJTTFmZtC52twCDPVmeM5WZ4+7idp5s/,EKusdA,/rp0Lkb50/N03gK353zaKnjCYc95i+5OJ
FALSE,TRUE,thropy.org/wp-content/uploads/HR_,ENDFund,"_ET2016_54-3-2048x1368-1.webp""> "
TRUE,FALSE,"isabled){color:rgb(154,160,166)}.",EnisIf,{margin:-12px -12px 0 0;min-width
TRUE,FALSE," gynxAQ""><div class=""sc-6ca9pz-2 ",enTSAE,"""><a href=""https://app.cred.club/"
FALSE,FALSE,,eObcanka,
TRUE,FALSE,xkS_QLYZO-lZxBOZkmul6dFoF80Wy6_-,EpamAfA2,"&amp;t=638399067142847209"" type="
TRUE,FALSE,"el=""noreferrer"" class=""sc-hiSaRn ",esZGSZ,""">Blog</a></div></div><div class="
TRUE,FALSE,QqagtG3HGRbvy34AjUimkaPrOLcRJ0B_,EuWBKISdH,_DbMxHW1YyopNy0vazAA1VmrDxLenJS
FALSE,TRUE,"29/corwars-simulators-overview/"">",exMARS,</a> (Martin Ankerl) </li><li><a
TRUE,FALSE,Bs_jGWrTqHMjr5UtKJ_X9Hc4xJIxBbE_,ExSIRKFn,_9ymuyOL6xAGgOxhuJZo4VaHuyQ-W1db
TRUE,FALSE,gletagmanager.com/gtag/js?id=G-,F0CKYS2PR6,"&amp;cx=c&amp;_slc=1""></script>"
TRUE,FALSE,GbhkTDR25wuAzrjj7LQX9JZSuak2/,F5HOSM18IlWAAB,/gOdRm6yY36JgZa8t7k3tsijyfra1
FALSE,TRUE,);var e=c.fatData;for(var f in c.,fatsPos,"){var g=c.fatsPos[f];b[g]=255&e,"
TRUE,FALSE,yles__Bubble-sc-118ksot-0 cdwXHV,fAWaez,""">Thanks!</div><div class=""styles"
TRUE,FALSE,iZBIfPWhsoZABqXeipfmphE/2/6qgEL+,fBaCAPON,+zt1fGacYeIZd2Oz5hGubVZsdIsy1lkl
TRUE,FALSE,kmSkRC8GoZt+VATEFcwl4jI20z1+,fBEVsPaCp8VIGONor,/bCxXIEyHRmVeTNXII0FrPNdhvF
TRUE,FALSE,"zdKFADd.css?_nc_x=Ij3Wp8lg5Kz""},""",Fech7TI,""":{""type"":""js"",""src"":""https:\/\/"
TRUE,FALSE,"se,""xDKXr"":false,""FYBlgf"":false,""",FELoce,""":false,""HpkQdc"":true,""FuMeW"":tru"
TRUE,FALSE,zookPtZrQNpzFwHDr+idW/MOrvSgwX3C/,FEYI4PA,/+rbi2M9yFbscpwdsFVVjHeHVqWGYdBD
FALSE,TRUE,"><input class=""field_blue"" name=""",FGesamt,""" readonly=""readonly"" size=""5"" t"
FALSE,FALSE,,fiancA,
TRUE,FALSE,"^1.0.0"",""properties"":{""shortID"":""",FlKISH,""",""imageFit"":""scale"",""imageSize"":"
TRUE,FALSE,arkMode__IconWrapper-sc-qijbwb-1,flrnKG,"""><span class=""ToggleDarkMode__Ci"
TRUE,FALSE,0nZek5hQlmDv1ikrjmdBhPDHdYsSiYzx/,FShvaI,+tiqXWTvgewB56ZUbhnXzgM3qJuQYybkg
FALSE,TRUE,"><input class=""field_blue"" name=""",FStroem,""" readonly=""readonly"" size=""5"" t"
TRUE,FALSE,"sor:default"" class=""sc-146moy0-0 ",ftWfoy,""" src=""https://careers.recruiteec"
TRUE,FALSE,1px}.lbFS4d.eLNT1d{display:none}.,FZFVAd,{align-items:center;display:flex;
TRUE,FALSE,A/e41ONLaOPsbnGQzRcGKpguoUieo0h+,G4ReAufh,+mLCXJW+2UUzCryhEoJ3QVq5S65duJeA
FALSE,TRUE,"text/javascript"" id="""">window.__",ga4Redact,=window.__ga4Redact||{measureme
TRUE,FALSE,rofessional-development.html__;!!,GaaboA,!t3tXQcQKATtkjZUxmZLpT1Esrr3kObyJ
TRUE,FALSE,nsition:.2s}.UgTgJQ{height:auto}.,GbfeNm,",.UgTgJQ{position:relative;width:"
FALSE,TRUE,"ng:m,getGppApplicableSections:C,",getAxidE,":h}});_cD(""cookiedeleteservice"","
FALSE,TRUE,ter[50]<<8|register[51]}function,getAYME,(){return register[52]>>2&3}func
TRUE,FALSE,"/g==',zh: 'vcmcHdSms+RCxLjTRzqai/",Ggcx0LB,"+hqNL1u5977BZk=',uh: 'nqnWoBf0oA"
TRUE,FALSE,AJE9c:WHW6Ef;aZ61od:arTwJ;af0EJf:,ghinId,;bDXwRe:UsyOtc;bFZ6gf:RsDQqe;bcPX
FALSE,FALSE,,GlaadCyan,
TRUE,FALSE,nt__StyledContainer-sc-11kx9bi-0,goKHTC,StructuredContent-module_contain
TRUE,FALSE,"><div class=""Layout-sc-1xcs6mc-0 ",golbyW,"""><h2 class=""CoreText-sc-1txzju1-"
TRUE,FALSE,OIL1OFsqSnUZDnsCDuozh9/sSFR3zSB+,gSACQWmkb,+p0JMv0itNJuw02G7SQpT6g1YHck6lp
TRUE,FALSE,"tion""> *</span></div><div class=""",gubaDc," OIC90c RjsPE"" id=""i2""></div></di"
TRUE,FALSE," class=""Button__Icon-sc-5os99m-0 ",guyjGr,"""><img loading=""lazy"" decoding=""a"
TRUE,FALSE,EBSbFxtAuAQXuJ51k3D/kJK1nVaxoEsP/,gWthkA,/bG+0B9BmYyNxoVoIW6+V+vcrkJP/PqPA
TRUE,FALSE,RsAO2NLtjfF/nH5nbGqvXqCvGWdmMy/,H2WwyoEU84,/Bvur4fcecqClYtsBmMaBn12J82NLQj
TRUE,FALSE,DwSXV1RVTLK0G7C5Flv12GFuUfgUuPN-,H7UrgeI7,_30Jope4Y4uRnyKe7Zedsddk9vB4qwLX
TRUE,FALSE,"script><div class=""HB1eCd-X3SwIb-",haAclf,"""><div class=""HB1eCd-X3SwIb-i8xkG"
TRUE,FALSE,WJ+FT4wbHRXHzkQaC6MkDF2gch3HAKf9/,haINNO,+n8Pmmm0SFIuistAgKr/DQD0vbEsiMYNo
TRUE,FALSE,"href=""https://discord.com/invite/",HBherRA,""" target=""_blank"" rel=""noopener "
FALSE,TRUE,ploads/2013/06/Subscription-Fees-,HEAplus,".pdf"">Health-e-Arizona Plus Subs"
TRUE,FALSE,ype=worker&amp;instance=m7GM4-,hesxLdBcOIMS,-yYJlTXbcBsjCpvyn_tAuuvs8.eyJp
TRUE,FALSE,onaws.com/com.alexa.toolbar/atbp/,hfdfGO,"/download/index.htm"" target=""_bla"
FALSE,TRUE,.com/wp-content/uploads/2023/02/,HGlovesDB,"_cover_sm.jpg""></picture></a></"
TRUE,FALSE,"sc-gWXbKe gqnzHm""><div class=""sc-",hiCibw," iXxgHX""><div class=""sc-jJoQJp hj"
FALSE,TRUE,22tel:\/\/+4771214000\u0022\u003E,HiMolde,: Switchboard:\u0026nbsp;7121400
FALSE,TRUE,"hic"", ""ＭＳ ゴシック"", ""MS Gothic"", ",HiraKakuProN,"-W3, ""TakaoExゴシック"", TakaoExGot"
TRUE,FALSE,MeB1oFmwINSwNBH3QJqK05HD6buYkQfL+,HPoGAAC,+WqjCixZ90itJ9VwSjNZx+i2INpiKQMo
TRUE,FALSE,El9PZZjhZdtp+NDGwnwZ+GS2/TZhAs9f/,Hpue7I,/hLcgeR335YQb2nBOOjVPKy+GCyiZP76X
TRUE,FALSE,"g""><img src=""https://i.imgur.com/",HrDsfsU,".png""><img src=""https://i.imgur."
TRUE,FALSE,/vjCarAm77XZXwXWPW9aHn3AhhF+,HrNOFbJtregEWAuP7,/0FrQOpdj6Ahx8x2JvJbeI3RkWZ
FALSE,TRUE,"lo, Courier, monospace; --",HSDSGlobalFontFamily,": -apple-system, BlinkMacS"
TRUE,FALSE,StyledCardUniversal-sc-1inzdla-8,huculX,"""><div class=""CardUniversalstyles"
TRUE,FALSE,""",\""botguardData\"":{\""program\"":\""",hwehI,+kOt4cfK3XHQaBE7ozrPMgcltvAzK3aHg
TRUE,FALSE,attY8fym+PXkoVOpYg7MnfqJfdQjfQ8h/,i0AgtrO,+GRusOOjz2FLBxtS9e6ghcZhkgT+kvJl
TRUE,FALSE,d9eqqb_0I3pFKXS_lMh5u3nSRUWKe0Wl_,I0PpkiI,".css""> <script type=""application"
TRUE,FALSE,"45625922,3,null,null,null,null,\""",i3Plnc,"\""],[45627493,null,true,null,null"
TRUE,FALSE,"YI6 nav-list""> <li class=""astro-",I53BINI7," nav-item""> <a href=""/#features"""
TRUE,FALSE,HdKiF7FaJHB1vqucyQDZ0McXcz+jz/,I5FlojXOfTI6,+kan4ZtVyIYNCkadO5w+5eyrD1q9Ll
TRUE,FALSE,"32422,null,true,null,null,null,\""",I7Folf,"\""],[45585548,null,true,null,null"
TRUE,FALSE,"isabled){color:rgb(154,160,166)}.",I9Jtec,"{color:rgb(95,99,104);fill:rgb(95"
TRUE,FALSE,1A7Od;HMDDWe:G8QUdb;HqeXPd:cmbnH;,IBADCc,:RYquRb;IoGlCf:b5lhvb;IsdWVc:qzxz
TRUE,FALSE,6q/kiiYagnYVRyaWAJzyqM4kTCTltvm+,IBHSScD4,/hGi6Os/WZzIUTTOiKmgqjDRm7pbJOl3
TRUE,FALSE,Background-ch-front__sc-vtu014-0,idutPp,"""><svg width=""36"" height=""36"" col"
TRUE,FALSE,"ht:36px}.xjAeve,.xjAeve:visited,.",IfEcue,",.IfEcue:visited{border:1px;color"
FALSE,TRUE,"><div class=""noflip""> <h2>SUPPORT ",iFRED,"</h2> <div class=""circles""><a hre"
TRUE,FALSE,k+ty5lclWTlSMbFgTjKkA2Kzb7CLvhz+,iierOPJo,+fGfxbTOssud4gsZLxZo9B8snN3EaFH/
TRUE,FALSE,ight__TitleWrapper-sc-64743b62-1,iInmeY,"""><h2 class=""Typography__H2-sc-11"
TRUE,FALSE,nStyled__SectionTmp-sc-1cgut8f-0,ijsaAL,"""></section><section class=""WhatI"
TRUE,FALSE,_HeaderExternalLink-sc-1lqctmp-6,iKEjhl,""" style=""cursor: pointer;"">Docs</"
TRUE,FALSE,e-style:auto;outline-width:5px;}.,iLChyz,{border:0;color:#1f1f1f;font-size
TRUE,FALSE,znA5h8bdIHRZKxAL7fp3PJ4qEUQQgJM1/,iLLAM7,+Nb6pyOVcbNWU7nS2v4TsGuK1S29yDGmx
TRUE,FALSE,"boot""><div><div class=""sc-gKseQn ",iltoET,"""><h1 color=""#FCFCFC"" class=""sc-f"
TRUE,FALSE,ed__EmbedHtmlWrapper-sc-14awek-0,iMFuat,"""><iframe width=""992"" height=""560"
TRUE,FALSE,"hidden;""></iframe><div class=""sc-",imWYAI," etUQHz""></div><div class=""sc-imW"
TRUE,FALSE,"KygS ldzXJj""><a class=""sc-cmTdod ",inaeDb," css-1luyhz2"" href=""/servicedesk/"
FALSE,TRUE,ndcolor)!important}#INDmenu-btn.,INDarrow,-btn.INDarrow-before-btn>span{pa
FALSE,TRUE,"ync="""" defer=""""></script><style>#",INDmenu,"-btn,#INDquickAccess button{posi"
TRUE,FALSE,rtant;box-shadow:none!important}.,InKIFF,{background-color:var(--container
FALSE,TRUE,"nu-item-652""><a href=""/programs/#",INTuitN,"""><span>INTuitN: S-STEM Research"
TRUE,FALSE,-hqfPu_7KQy6tz2zfVG4Ehk7z3kTm2Ys-,InubPp,-LS7qASyiSSNEdCs4Ei-OGe6P37rbrIAU
TRUE,FALSE,"ss=""speaker__Avatar-sc-1ipl0uj-3 ",iNzefM," gatsby-image-wrapper"" style=""pos"
TRUE,FALSE,5FClYN8bG4sWPBF3I23bdkWKaOoUgTc/,iPJokm97,/Fw8HqbvGFz3jzpbsqREAno//4S/7ATM
TRUE,FALSE,__StackOverflowIcon-sc-10gw0pe-0,iPrmlT,Footer___StyledStackOverflow-sc-
TRUE,FALSE,"ju jvNEQE""><div class=""sc-jDwBTQ ",irWGOL,"""><a class=""secsdk_captcha_refres"
TRUE,FALSE,"/div></div><div class=""sc-kMyqmI ",iSazde,"""><div class=""sc-kszsFN WzeDh""><d"
FALSE,TRUE,if ( window.defQueue && defQueue.,isLOHP,&& defQueue.isLOHP === 2020 ) {
FALSE,TRUE,"ienceTypes:[],isRegisteredFlow:c,",isLtid,":c,name:h,publicSetting:{isPublic"
FALSE,TRUE,ssw&&a.isBFT&&(a.isBFonMshop&&(a.,isNRBF,"= 0),u(a.isNRBF)&&(d=a.ssw(a.oid)"
TRUE,FALSE,2jOPe54x0GclZQ+KHzfme/LsZNu9t/oR+,isOjlu,/y59SnpcA7ZOQAxerDosPHIBRUq4H6v4j
TRUE,FALSE,"""sc-1ghsbvz-0 dEpLmD sc-kjjikg-0 ",isPrew," sc-1949egb-14 yFEcO"" href=""https"
FALSE,TRUE,"""prod"";window.useV2=true;window.",isTudou,=true;window.switchSkin=true;win
TRUE,FALSE,"""Mahon Studios"" class=""sc-AykKD ",itGidr,"""><p>Mahon Studios is a full serv"
TRUE,FALSE,Rro2WgVB/gGIf8ZsmN0UuemLF2ilndwc+,iTNHywi,+03VJ4OZLtuk/k/I7Rqh9fkdnDNn8Exs
TRUE,FALSE,rgvygv50LITDgmPe1a5tBWn/pGTLizK/,IWkxwApX,/b2xZTvVk/pmopl4nJwrGIW3giY3xg1t
TRUE,FALSE," class=""heading h3 sc-6deb8055-5 ",ixWXTX,"""><span class=""sc-bdnyFh sc-eCAqa"
TRUE,FALSE,> //<![CDATA[ var AUTH_TOKEN = ',jaKCJRDiE,-zPo2x7e5_SFZ7xPNZJqf-GfIefUXRQ
FALSE,TRUE,"aria-label=""Back to site"" class=""",jardUn,"""><svg preserveAspectRatio=""xMidY"
TRUE,FALSE,mage__ImageWrapper-sc-6366c6af-0,jeafCt,"""><picture><source media=""(min-wi"
TRUE,FALSE,"lass=""sc-eTpRJs jOgJEz sc-dEoRIm ",jhobRf,"""><h1 class=""sc-dxZgTM XxsRw"">Wel"
TRUE,FALSE,led__Link-ch-front__sc-1kd54kd-1,jofiAf,"""><svg xmlns=""http://www.w3.org/2"
TRUE,FALSE,4wV3LeMk2kCakaysjCR5c64DFzgtH/,JrDynuMsF79EM,+qyeKkTBk87tjAD9+iYwYS7kgAzS7
TRUE,FALSE,WaveFooter___StyledPath-nrfszb-0,jsDSRA,"""></path><path d=""M1920 144s-467."
TRUE,FALSE,"j3Wp8lg5Kz"",""c"":1,""p"":"":16386""},""",jsIPcnb,""":{""type"":""js"",""src"":""https:\/\/"
TRUE,FALSE,2WCRbURWLCaENQD7B6zC8YVZhGtOw4YH/,kaiyOsP,/uXrFXKJjduNfgfiA9AIhRArQkeo4CWN
TRUE,FALSE,v-SSorbQSGP8oWIbbUumwF78EHjYuQf8_,Karm5AT,_eoChhp9xHk2Dm8xyva0NqYg3rAxcm3h
TRUE,FALSE," gxOtnn""><div class=""sc-1tidt5-3 ",kbznRf,"""><div style=""display:flex;align-"
TRUE,FALSE,"lass=""FlipUp__Image-sc-1rcnvxa-0 ",keppNg,"""><path fill=""#141824"" fill-rule="
TRUE,FALSE,bNk31Yi0DWCg5DzH0sD54pGteWngWFBf+,kFzknKm,/4Gz1HiEUDKV6j1KgHHFOmlkVM43ZFRT
TRUE,FALSE,"ss=""Typographystyles-sc-o7qsl9-0 ",kgPACF,""">See our products in action</h2>"
TRUE,FALSE,"WYkj eIKsVR""><a class=""sc-ePAWwb ",khleEm,"""><svg class=""sc-jbWsrJ kiCbCn"" w"
TRUE,FALSE,13O4hrS9/i9uQ+su0v7yoK4x3kk5TiOh++,kijlA,/mKsDTryIJngd2VcDo7yOTwVp5MmLLA+e
FALSE,TRUE,"ref=""/pmwiki/pmwiki.php/Webcomic/",KilaIlo,""">Kila Ilo</a> </li> </ul> <ul> "
TRUE,FALSE,"otvuO""><div class=""sc-6deb8055-1 ",kjcrBg,"""><a data-link-type=""homeActueelL"
TRUE,FALSE,/68R9x2bykUditGoNBJX9YAeB2zbUP+G+,KJWLUk,/qy3/fiZuagsIaZXDDvsDvEmO/J7rGEtF
TRUE,FALSE,"nContent"" class=""Box-sc-g0xbh4-0 ",kkrdEu,"""><span data-component=""text""><di"
TRUE,FALSE,IwojCqU7CiMKwwonCr8K2JTJHwpEVVMK+,KMONRsK,/NsOBNTvCuUI+wrXDkMKaw6jCp0xuZMK
TRUE,FALSE,002F0oCkUcVrVABtVmf5UfN\u002F,kmR00IAslkAn08C,\u002F6kk\u002F4UA\u002F506v
TRUE,FALSE,":"":125"",""m"":""1013075128_main""},""+",Kmre1I,""":{""type"":""js"",""src"":""https:\/\/s"
TRUE,FALSE,4tzVc7N47bNvRn+nkS3aaxhydsAc93j8/,Kndd0A,");</script><div id=""mys-wrapper"""
TRUE,FALSE,"den"" name=""XYBwWtsgUkxq"" value=""",kojmCrnaG,"_v]eY"" />'); } if ($(form).attr"
TRUE,FALSE,oUDxrVGaJKkUc1bkcFCJVdgk/hr5+,kqvtDulzUYmasY1,/XFRgbu7JQPTcudWJ1WbHIK/reA3
TRUE,FALSE,"ght=""normal"" class=""sc-bqyKOL sc-",kstqJO," uyhjl foFpXN"">Sign up</p></a></p"
TRUE,FALSE,ound-color .4s ease 0s)}.ULfND1 .,ktxcLB,{border-left:1px solid rgba(var(-
TRUE,FALSE,c-47918cb-1 sc-9e8495b9-3 iYIzMz,kuinIX," hngdtt""><label font-size=""mobile"
TRUE,FALSE,"IhpEP""><div class=""sc-f96ab34b-1 ",kuorLA,"""><a href=""/home"" class=""sc-520d1"
TRUE,FALSE,Mkb41SMD6Ngy8ubbU98TOGr+6Gr1xzx/,kUrl3NHIS,+UYPkFCByfwKqcP2lreWrexHvurFWtL
FALSE,TRUE,"""KottNet|irc.kottnet.net:+6697"",""",KuroiI,"|Pv4|ipv4.kuroi.eu.org:+6697"",""Ku"
FALSE,TRUE,ivad_kehtetuteta&amp;leht=0&amp;,kuvaKoik,=false&amp;sorteeri=kehtivuseAlg
TRUE,FALSE,gletagmanager.com/gtm.js?id=GTM-,KZNZ7SN4,"&amp;l=dataLayer""></script><scri"
TRUE,FALSE,"kQg""></div><div class=""sc-fBNLhH ",laNcwc,"""><div></div><div></div></div><di"
TRUE,FALSE,"ass=""Footer__FooterText-w423gu-1 ",ldrrSp,""">De Monsters<span class=""Footer_"
TRUE,FALSE,"lass=""sc-dkdnUF hTajCf sc-iqGgem ",ldwaSC,"""><div class=""sc-WCkqM iBRPGr""><d"
FALSE,TRUE,"""> /*<![CDATA[*/ setJsVar(); var ",LEMmode,='group'; var LEMgseq=-1; ExprMg
TRUE,FALSE,hdSkJncXFQx1OXamE58Do2MP9u4SN5W+,leowGeo8,+4Y3i6XkQl1P8uzBU5emktmEPa/102n8
FALSE,TRUE,"ogo.png""></div><span id=""rid173"">",LIENSs,UMR 7266</span></div></div><div
TRUE,FALSE,t-child{border-bottom:0}.iIDj3f .,LiezSn,"{border:solid var(--brw,1px) rgba"
FALSE,TRUE,"97"",""LECNR|irc.larsite.tk:6667"",""",LKteam,"-IRC|irc.lkteam.net:+6697"",""LTTi|"
TRUE,FALSE,"cfg.set({""EVENT_ID"":""IIwrZo_",LN9XdvdIPmdyX0AM,""",""EXPERIMENT_FLAGS"":{""H5_en"
FALSE,TRUE,"2 p-2 shadow-hover""> <img src=""/",logoCVUT,".png"" alt=""České vysoké učení te"
FALSE,TRUE,"2 p-2 shadow-hover""> <img src=""/",logoIKEM,".png"" alt=""Vědecká lékařská knih"
FALSE,TRUE,"2 p-2 shadow-hover""> <img src=""/",logoJAMU,".png"" alt=""Janáčkova akademie mú"
FALSE,TRUE,"athryn Scott Design Studio"" id=""",logoKSDS,"""> <img src=""/img-base/logo-Kath"
FALSE,TRUE,"bf.be""><div class=""FooterSocial_",logoRtbf,"__xFOMe""></div></a><a class=""DSB"
FALSE,TRUE,"2 p-2 shadow-hover""> <img src=""/",logoSAVS,".png"" alt=""Škoda Auto Vysoká ško"
FALSE,TRUE,"2 p-2 shadow-hover""> <img src=""/",logoSVKK,".png"" alt=""Štátna vedecká knižni"
FALSE,TRUE,"2 p-2 shadow-hover""> <img src=""/",logoUPCE,".png"" alt=""Univerzita Pardubice"""
FALSE,TRUE,"2 p-2 shadow-hover""> <img src=""/",logoUPOL,".png"" alt=""Univerzita Palackého "
TRUE,FALSE,"1 kmBCC""><div class=""sc-8iezo5-2 ",loQpcr,"""></div><div class=""sc-tq1rei-0 m"
TRUE,FALSE,xAovBcFrQ06caWPALfzshEmfOHp69RRu+,lPUPY9A,+2rZ/Mg53fzKtoWAOpvoQfKupUNPUWvn
TRUE,FALSE,"d title=""market_experiment_UNQrZ-",LRRISw,"-Fnpc0xG9A"">market_experiment_UNQ"
TRUE,FALSE,ozOXJjcZ/Xc1JZAKphT98Ep8VFsHBWy/,lsCCHocuE,/muv1m5pG8hFpNP0cZ2LSYOYopVUkir
TRUE,FALSE,7ud8GY3UOW8+TTOPgSq4xOtQ+gaimcJF/,lSENTMo,+yPOyjUwBJ3/NqU+jlYJ4o+gkno3xhJU
TRUE,FALSE,"gRLc:XVMNvd;LEikZe:byfTOb,lsjVmc;",LsNahb,:ucGLNb;Me32dd:MEeYgc;NPKaK:PVlQO
TRUE,FALSE,"jsf,.xul3wf,.hfIXKe{height:100%}.",LSVrad,{max-width:250px;margin-right:12p
TRUE,FALSE,b5qe2XaFInYAJMiv64ErpG8zGtewYj5/,M5AfBuke,+MeNAawkVNGvMBVU3vPkbbILn+OK2lqA
FALSE,TRUE,oi&amp;c67=ln-3012a-ctrl&amp;c71=,mcidTO,%3Asuccess%20%7C%20midType%3Aserv
TRUE,FALSE,0MDA4Njg4NjcyMDI1NTI4SAJYFHABuAH-,meDrgwQ,"&quot;,[&quot;user_feedback_menu"
TRUE,FALSE,kshulBaqpuzZtKqYjIDi4rnuuKrMi/wB/,meemDO8,+a2z7v2ZUJhzOJ2zGBZ+dlAzLA66i1W2
TRUE,FALSE,0tm5EJffMf5-c5RWs_OPR8tL18vA4MrI-,mianAm,-qHS9uAedcE1IoVnr0B07k1bjjxVMf8dD
FALSE,TRUE,of Thyroid Cancer Cell Lines in,MiceNo,Radioiodine Therapy Is Noninferi
FALSE,TRUE,"MAM|irc.myanonamouse.net:+7000"",""",MIXXnet,"|irc.mixxnet.net:+6697"",""MMOBugs"
FALSE,TRUE,"f=""http://www.mojeid.cz/"" title=""",mojeID,""">MojeID</a></li> <li><a href=""ht"
FALSE,TRUE,ut-container .input-field [id^=',moverHETU,] { max-width: 80px; width: 10
FALSE,TRUE,\/static\/images\/br\/C21Canada\/,moxiABA,\/Moxi_ABA_Pri_First%20Canadian%
FALSE,TRUE,;try {masterFrame && masterFrame.,mPAASH,&& masterFrame.mPAASH();} catch(
TRUE,FALSE,pbXk-SkKBoC8Rh8XDfJ6A9NwJG9lzfIS_,mrJRlmb,-iy5zcYrnehVEHIw7mFvQCAl9R2qylFl
TRUE,FALSE,ze:16px}.KuPXpe{border:0}.KuPXpe.,mrSlsb,{color:#056449;fill:#056449;stop-
TRUE,FALSE,1375d76a87a518bf8d6a3a.png?itok=,msStPpmt,")""> <span class=""help-for-admins"
TRUE,FALSE,EzPbBONqi3dDhRBt9CwjWCEYqfAhWuDn_,mt4WMWD,-yK7zmM6NhG17jayON2GthJT8fBSrnyB
TRUE,FALSE,57xlevMWq+kZ/j1KjTCWp4XZGe69I0WV+,MUEM7Up,/wVn1OU6ESQk1+37c4aVrJswQeAG17lx
TRUE,FALSE,+dpQCl/sq/blFkDNrwPZN2SiT+iFb+,n04OP14KGFefy,+usxMolk2JMw2aqaa6E58jT0wW1DL
FALSE,TRUE,vesstore.org/cdn/shop/t/7/assets/,NAFlogo,.jpg?v=1444138413918718059146062
FALSE,FALSE,,naryLim,
TRUE,FALSE,DwSoqlw3idv1qfGC9Z/5lLFICEavbdc+,NbnmF20Ex,+01DaHhjBRmtYpuoQV0XcslwRD86OFU
FALSE,TRUE,"ncate"" style=""max-width: 15rem;"">",neadRAM,": Tokenized veRAM <span class=""t"
FALSE,TRUE,dData.kvp.pwtsz||!bid.bidData.wb.,netEcpm,||!bid.mediaTypes){return null;}
FALSE,TRUE,"ps://newbit.ch/"" target=""_blank"">",newbIT," AG</a>, Zürich</li><li><a href="""
FALSE,TRUE,a^c)&bH|(B+C!==0)<<nPV}}function,newCPDR,"(a,b){var c=b?1:5;return functio"
FALSE,TRUE,a^c)&bH|(B+C!==0)<<nPV}}function,newCPIR,"(a,b){var c=b?1:5;return functio"
FALSE,TRUE,",F=F&bC|bN|(0===B)<<nZ}}function ",newINDR,"(a,b){var c=b?1:5;return functio"
FALSE,TRUE,F=193&F|(B+C!==0)<<nPV}}function,newLDIR,"(a,b){var c=b?1:5;return functio"
FALSE,TRUE,"B)<<nZ,c(fromBC(),a)}}function ",newOTDR,"(a,b){var c=b?1:5;return functio"
FALSE,TRUE,"usOutput_R800(A<<8|a,A)}function ",newOUTI,(a){var b=a?from_HL_8_R800:from_
FALSE,TRUE,"FD(){prefix=4,ackINT=!1}function ",newpSET,_DDCB(a){var b=a?preReadIXYd_R80
TRUE,FALSE,66+wRahZN+D1zLSkf+T5b0WbeH8d+f/x+,NIHltu8,/cVpmo+w7M9PMrsz/0i0HpZkCnLxoXNv
TRUE,FALSE,KyF+WCv5GRMjKqJrvxJlb75jsvcYnTx9+,nmIDLC,/5mdOvYuC0Pyyitpm0JbSRoiVTykVgnnR
FALSE,TRUE,cus{box-shadow:none !important} .,NoeiLo,{max-width:100%;display:inline-bl
TRUE,FALSE,/public/alger-cristina.jpg?itok=,NtWfybM3,""" alt=""""></a></div></div></div> "
FALSE,TRUE,"er"" target=""_blank"" aria-label=""",NuxtLabs," company"" class=""text-white hove"
TRUE,FALSE,MO3qFZ/4Aw0J/ChuINtbBDbUiIyK7+,nVKaoxLsANov,+AYjg6LKrXBt+X6aJ/77dTIwJ145Zs
TRUE,FALSE,ZGOdc74RE/wnmiMh05dZ/qU1ULj6CNC/,NWbciBaku,+B8HEMXGYwThhn/CelIedFulQAkWd3o
TRUE,FALSE,om:-24px;left:-24px;right:-24px}.,OhScic,{margin:0px}.zUdppc{padding-botto
FALSE,TRUE,"tter"" href=""https://twitter.com/",OHSUNews,"""> <svg class=""oui-footer-icon"">"
TRUE,FALSE,mycBJgcbMxVZhcqbfc5bx65wZfgqL%2B,oIgno5Fb,%2B8xuBIHNxzMXCcVPjxSi02JR8thZzh
TRUE,FALSE,Gt3QU2TOrpj4Dz2VAsOBPIaCf_WSB-9_,okOzalK4,_ir5spoB1pGWFyqi7U-Bq4pkbLH0z-k5
TRUE,FALSE,://www.youtube.com/channel/UCsB_,OLJA28Nc,"-47BihG2_Ww"" aria-label=""Youtube"
TRUE,FALSE,or4rghQMVUkZBAB0VyQLEEm0BlLqpjxE_,olWAIP,-_RJnhi7JSSLoELgcEc4yieT79nbMpNOb
TRUE,FALSE,bcdn.net\/rsrc.php\/v3\/yp\/r\/,olXuIEzccSU,".js?_nc_x=Ij3Wp8lg5Kz"",""c"":1,"""
TRUE,FALSE,"<meta name=""csrf-token"" content=""",oNsUTIA,-_Nkt0t7KoN8skFOfX-4cYwAD0qhhbZc
FALSE,TRUE,"em"" href=""https://openxeco.org"">",OpenXeco,"</a></li> <li><a class=""dropdown"
TRUE,FALSE,pFMk1UY3dNRE0zT1RFMU9UWTVPQT09EI_,OrrEGGI,"_OrrEG""},""user"":{""lockedSafetyMo"
FALSE,TRUE,"414e937af1d07fd4b9c8b754b03-0', ",ortb2Imp,: {ext: {gpid: 'div-gpt-ad-Conte
TRUE,FALSE,rccODwoxTLMKsPMOqwpU9w4PDt1UxIsK/,OsKLOG,/Ck8OUR8Oww4zCtSgdH25YPEU3HAEuw6H
FALSE,TRUE,""",""OMGLOL|irc.omglol.com:+6697"",""",OSPnet,"|irc.ospnet.org:+6697"",""OZIRC|irc"
TRUE,FALSE,gram.com\/rsrc.php\/v3\/yJ\/r\/,OTImsiBi3Nj,".js?_nc_x=Ij3Wp8lg5Kz"",""c"":1,"""
TRUE,FALSE,htcmeo0WmEcNiYpSKoENlxFdrck_,OutyUnpfHIaeaSr2B,_g5TqOVnGa6w8X3_Yn7z9jbnzwo
TRUE,FALSE,Ua0mkW+zob1h+uiSAu2gNhLnaEGlFFQq/,ozDibt,+rgkMonJT9UIPbngTL7QDEL6gXa/BE7TY
FALSE,TRUE,uct/Goods/89846854?scode=032&amp;,OzSrank,#ERROR!
FALSE,TRUE,"8u r-qvk6io r-bcqeeo r-qvutc0"">",P2021Tshirt,%20_0792928129.html</span><spa
TRUE,FALSE,h/trai_net_neutrality_campaign_,p71FirUNDI,".png?token="" data-gatsby-head="""
TRUE,FALSE,"ay pause-icon"" title=""Play"" id=""",p7OPMrpp,"_1"" href=""#""><em>Pause or Play</"
FALSE,TRUE,"1"",""shortlink"":""https:\/\/wp.me\/",PaIRUA,"-2"",""i18n"":{""followedText"":""New p"
FALSE,TRUE,"quot;en&quot;:&quot;Name&quot;}"">",PanFEID,"</td> <td label=""Udbyder / Domæn"
FALSE,TRUE,"de"":""buffer-info"",""paramBf"":0.3,""",paramBp,""":0.7,""paramLower"":0.5,""paramUpp"
FALSE,TRUE,org/wp-content/uploads/2020/04/,PARExecSumm,"-ENG.pdf"">executive summary</a"
TRUE,FALSE,utcellwrapper GHCvoGpU VyRGAu8f,ParxURI7," LiHBq6PE c2ZOFvrH H_0Owj1F"" dat"
FALSE,FALSE,,PAsBLICO,
FALSE,TRUE,",patternTableAddress=c&modeData.",patTBase,",patternTableAddressMask=c|patte"
FALSE,TRUE,"forms/armv7/allwinner/pcduino3"">",pcDuino3,</a></li> </ul> </li> <li><a hre
TRUE,FALSE,0v9QbgvgkgkX+3I1Las/JZxbQ3NoGRI/,ph6RtagF,+Bl+VrRSjtVnNGfCtiYR6SSrm7qOtepn
FALSE,TRUE,"""wikilink"" href=""/Pickit2Debian"">",PICkit2,és Debian Etch</a> </li><li><a
FALSE,TRUE,6605/Freepik_Primary_Logo_Solid_,PikiBlue,".png""></div><div class=""ot-title"
FALSE,TRUE,"i"":""https://webcast.tiktok.com"",""",pipoApi,""":""https://f-p.sgsnssdk.com"",""tc"
FALSE,TRUE,iv> </div> </div> <script>window.,pmGAID,#ERROR!
TRUE,FALSE,7BGkasy7XIoxsMp2KIaFzfVWltY/40d/,PnnvFnOh,+t6TEi2vnx/t6xPsMAaOEX6WRdKleu48
TRUE,FALSE,sm0kFmaOHLQjQPF2ooAvN235XkXGyuwt_,PoSukl,.dxXxOv97LFo6PGKWZh14y0Kfz9sQxlFe
FALSE,TRUE,"1"">Linux with nano kernel (incl. ",PPSkit,")</td> </tr> <tr> <td class=""ligh"
FALSE,TRUE,"T/ajax/actions.js?ver=6.5.2"" id=""",PPTajax,"-js""></script> <link rel=""https:"
TRUE,FALSE,gletagmanager.com/gtm.js?id=GTM-,PR65KTRS,"""></script><script type=""applica"
TRUE,FALSE,bTv48eWaMqaFLzLbce53vMIHN4ig/8ao+,prAHAB,/K8F5AQDJaT14NtUy5BZDDpjzhZ6flfrD
FALSE,TRUE,in/wp-content/uploads/2018/07/WD_,PROXKey,".rar"">Proxkey New Driver</a></p>"
TRUE,FALSE,qLkmwVvx16756B3zDpfkWuLCDDkQ9/,ptDaswOsUhRe,/meoES9gZg4JOXxm9HaxAy+AD/ZX5W
TRUE,FALSE,"j3Wp8lg5Kz"",""c"":1,""p"":"":33082""},""",pxOdidU,""":{""type"":""js"",""src"":""https:\/\/"
TRUE,FALSE,Hgc+8YyLp38uclC7fVSfPP9dxKUODG3s+,QUSS7FT,+RV/Q2QL63ez3a5eFgWSNLpJS9XEMs6V
TRUE,FALSE,"ed){border-color:rgb(95,99,104)}.",qWaare,{display:flex;justify-content:spa
TRUE,FALSE,avsZjdEjkOChj4yBEqsIXr5ONFmfTyS+,qWwhp43A,+cjmSZ+ox/46ZPEUVIcXSm3dJoWItr4S
TRUE,FALSE,YKdAF6TGtSm8WXuHDbUPxu5BalEA2hs+,r6MeHogsA,/mZp1x0SlqVFFaNRkEm0QSZlvJF78Bw
FALSE,TRUE,""",""RexGame|irc.rexgame.pl:6667"",""",RezoSup,"|irc.rezosup.org:+6697"",""Rifdesi"
TRUE,FALSE,ZV2KMLfTcrec4m6BjH8acD+l540/B/,RFLpLEOW7MPH,/akYGOHAg4hMwumqNdOSuvqrhc11a0
TRUE,FALSE,KRBe43FPLfkEN7aesOs/Q+FaSoXtuwJu+,rNsKUNJ,/x/AbWjkdujjSa+YlQVUF59kErjaADnx
TRUE,FALSE,1IVZwkmHQJYTJIgs+0ZvFyYVFKeWyQYF+,rOrgeGO,+abXExQkIrWDYO87VjyXYv0dxDC9j8ut
FALSE,TRUE,"href=""/project/rpki-rtrlib"">RPKI-",RTRlib,"</a> — <a href=""/project/sctp-lin"
FALSE,FALSE,,saatioKuva,
TRUE,FALSE,CtQvivTi3ss8afuHGrHDrLg1pVnwDAWJ_,SagzRs,-GErUSL4L28kkU6KM4kn35jTxw9Ol84se
TRUE,FALSE,",""ruFjfe"":false,""FqP1Fc"":""#000"",""",SATNMc,""":""1px solid #dadce0"",""V0Bluc"":""n"
FALSE,TRUE,"ta name=""twitter:site"" content=""@",SBAgov,"""> <meta name=""twitter:title"" con"
FALSE,TRUE,"нные кошельки, оплата по частям, ",SberPay,", СБП и другие</span></div></a><"
TRUE,FALSE,eak-word;word-break:break-word} .,sCtimFl,{display:inline-flex;align-items
FALSE,TRUE,"/2020/10/final-sedenne.png"" alt=""",SeDenne," Logo"" src=""https://www.consentm"
FALSE,TRUE,"""menu1"" href=""soft-sendmex.html"">",SendMex,"</a></td></tr> <tr><td valign=""t"
TRUE,FALSE,S70rG48U7v469aISqKoi3s7CvTYyRiCS+,SEPemc,+C4ZZ8YKnZfwE+mxwxW9EQCbSmyl9Szy2
TRUE,FALSE,ge-border-radius:calc(50 * 1%)} .,sEqCyda,{position:absolute;width:100%;he
TRUE,FALSE,"16)"",""yHlFbb"":""rgba(0,0,0,.40)"",""",seVajd,""":""rgba(0,0,0,.12)"",""esUgv"":""#fff"
FALSE,TRUE,"-01T22:25:03"",""author"":{""name"":""",ShiMaZono,""",""url"":"""",""profileUrl"":"""",""ema"
FALSE,TRUE,"out-singcert"" aria-label=""About ",SingCERT,"""> <span>About SingCERT</span> <"
FALSE,TRUE,"div class=""item""> <a href=""/name/",SoceLa,"""> <div class=""thumb""> <img src="""
FALSE,TRUE,loads/Microsoft-Server-Exposure-,SOCRadar,"-360x180.jpg"" alt=""Microsoft Ser"
TRUE,FALSE,ortant} .sMEqjfj{color:#008250} .,spAWmym,{color:rgb(var(--wix-ui-tpa-text
FALSE,TRUE," All from the forest - <a href=""?",spgmGal,#ERROR!
TRUE,FALSE,4qNmeJS3mHv06VtjsEcXakIN5q606od+,SpIjsi7K1,/DVd+JyT0on2hzlUdc17UTz4gGzFpl8
FALSE,TRUE,"nfirmation; } </script> <div id=""",stcpDiv,""" style=""position: absolute; top"
TRUE,FALSE,sition:relative;padding:0 16px} .,sTcTpog,{width:100%;display:flex;align-i
FALSE,TRUE,sten ITC;Apple Braille;Juice ITC;,STHeiti,;LiHei Pro;DecoType Naskh;New Pe
FALSE,TRUE,"Source Sans Pro',Helvetica,Arial,",STKaiti,",'华文楷体',KaiTi,SimKai,'楷体',KaiU,D"
FALSE,TRUE,"""/js/dist/sticky-header-loader.",STRE23WA,".min.js""></script> <script defer"
FALSE,TRUE,",""SubTicketsPlugin"",""Subticket"",""",SupoSE,""",""Supported"",""SvnServePasswordSt"
FALSE,TRUE,"rm"",""routes"":[""\/form""]}]}; var ",svgsJSON," = {""ball"":""<svg id=\""ball\"" xml"
FALSE,TRUE," class=""fc-preference-title""><h2>",tapCLIQ,"</h2></div><div class=""fc-prefer"
TRUE,FALSE,Ue99ayLO32Rrh9uzHmdErT/TFmW49bal/,TcccNw,+UmY7uvLKYWfIEMGTg2ybvn3cQSlQJlTI
TRUE,FALSE,laine%20en%20Lieven_0.webp?itok=,tCl8WQBZ," 1x"" media=""(min-width: 768px)"" "
FALSE,TRUE,"a href=""https://www.facebook.com/",TheMBTA,"/"" target=""_blank"" aria-label=""M"
TRUE,FALSE,jcU8DbhoP/Hb/Uj5A39fdZykW4cQ15tD/,tnal1A,+dmmcDkLZcOvzciAhpFLEl/doxhA2fplQ
TRUE,FALSE,ode/image/upload/v1657981180685/,toldZObfw,".png?auto=compress""><meta name="
FALSE,TRUE,"transgenderresources.com:+6697"",""",TripSit,"|irc.tripsit.me:+6697"",""Triviali"
TRUE,FALSE,"Ij3Wp8lg5Kz"",""c"":1,""p"":"":844""},""",troi7CE,""":{""type"":""js"",""src"":""https:\/\/"
TRUE,FALSE,xed}.VfPpkd-xl07Ob-XxIAqe-OWXEXe-,tsQazb,{width:100%}.VfPpkd-xl07Ob-XxIAqe
FALSE,TRUE,"--- function Fahrdauer(TIAkkuAh, ",TStrom,) { return (TIAkkuAh / TStrom * 6
TRUE,FALSE,LCqvZuOh7aZ9Z9KDrAyN2dtrMtM0TTem.,TUHYKit,_Fcdmln04r0ms8ROcfOXwmloMiU8l6Tq
TRUE,FALSE,pires=1714294800&amp;x-signature=,tWmBOLL,"%2BzIchjIzK0LQmXv1AYHs%3D"" image"
FALSE,TRUE,"</div> </div> </div> <div class=""",txMssg,"""> <div class=""inmssg""> <div clas"
TRUE,FALSE,2.bp.blogspot.com/-1vKik14k6pc/,U2Uzur1TI5I,/AAAAAAAADsE/tC-cl0sb8Hk/s1600
TRUE,FALSE,"lK""><div class=""SocialProof_logo__",UbgaA,""" style=""width:calc(11.2rem * var"
TRUE,FALSE,MYPaoXRA7K8Q9efrUVvsULtXXB7I/o/,UMOS7LECT9E,+hi37n0Yp4C6eDKHMfEB1STh2WMudM
TRUE,FALSE,"isabled){color:rgb(232,234,237)}.",UNPdcd,{opacity:.7;text-decoration:line-
TRUE,FALSE,q2eWmdDN9teas6Tar9FTmQtyyhh/Qcz/,uohcLN9Y,+XckPdw08Q2GZhxB0TEx+OgInNMX2SMl
TRUE,FALSE,""":"":151"",""m"":""1013075128_main""},""",UsykStE,""":{""type"":""js"",""src"":""https:\/\/"
TRUE,FALSE,eft:auto;padding:0 26px}.NGOzcb .,UzumSc,"{color:rgb(95,99,104);fill:rgb(95"
FALSE,TRUE,"vs-config"" data-optanongroupid=""",V2STACK42,"""><button aria-expanded=""false"""
TRUE,FALSE,AcjNrbP/k/n2zeRfYuspGODzFQ8OLIV/,Va2GNiava,+0uq+CJ8TnnzKsXetCQ4zIRHk6MWiyU
FALSE,TRUE,raduate/graduateheadshots/Miller_,VeAmber,".jpeg "" class=""media-object"" alt"
TRUE,FALSE,h:960px){.h3V8eb{padding:20px 0}.,viPire,{padding-left:28px;padding-right:
FALSE,TRUE,"""stylesheet"" href=""/aspinclude/",vismoWeb5,"/html/euConsent_v2.css""></head>"
TRUE,FALSE,Mq8JtAOgydpppVIqEXjnYy31Hz2ecNa-,vNo0Weih8,-tTkldnaPu8YkOn5tBnU8gRkQbThtoi
TRUE,FALSE,t+zl38wzRSQplAioqYuZ+EY4QdTTtTMV+,wAlluCc,+61GShH94wHTkupee8mFvxJOlmiJZZmw
TRUE,FALSE,EALHRXR7YA4ElQ1KZ3yzjwCth6iLBc-Y2_,walmI,_VDvamESkyo5SKHdUvhKIY37Jr0KfEw3W
FALSE,TRUE,"<a href=""https://www.w3.org/WAI/",WCAG2AAA,"-Conformance"" title=""Explanation"
TRUE,FALSE,"j3Wp8lg5Kz"",""c"":1,""p"":"":31562""},""",wDeor9A,""":{""type"":""js"",""src"":""https:\/\/"
FALSE,TRUE,"eta name=""author"" content=""ALL: ",WEBarium,", Content: Feela""> <meta name=""r"
FALSE,TRUE,"abel data-bind=""css: {'checked': ",weekTH,"}""> <span class=""text"" data-i18n="
FALSE,TRUE,"NavItemLink"" data-v-5cdde3da=""""> ",WeXpats," </a></li><li class=""GlobalFoote"
TRUE,FALSE,HtfXRoU4Vsdze4ajdQNmDtSu5LeAaI84+,WgchCsV,/QMGjRUECOsfKAwH0SdcSovfuKUR2eZE
TRUE,FALSE,";}.oNsfjf{color: rgba(0,0,0,1);}.",wgxiMe,"{background-color: rgba(255,255,2"
TRUE,FALSE,XK9ad D2fZ2 zu5uec OjCsFc dmUFtb,wHaque," g5GTcb""><div class=""jXK9ad-SmKAy"
FALSE,TRUE,"ra"" type=""text/javascript""> var ",WHMPAjax," = {""ajaxurl"":""https:\/\/creativ"
TRUE,FALSE,BL/MFa+kGADEeqrTUX9nO0FG+VibOBG/,wHopahPt,+eEkzTp12mRhmFR9h/FTmw7+q4Q8LinV
FALSE,TRUE,"https://wiki.caad.es/Parchment"">",WikiCAAD,</a> <i>(archive)</i></li></ul><
FALSE,TRUE,/wp-content/uploads/2020/09/DEI_,WINShine,"_2x.jpg"" alt=""CZI Co-founder and"
TRUE,FALSE,7_-3vcptuNnvN6b8D4KtNj8Kxt1Sn_,wiO4BI90PrblA,-vsqmfbgduMa5lxmn1qmtVp-BIOFy
FALSE,TRUE,"urope.wiseflow.net/login/mt/um"">",WISEflow,</a></li> </ul> </div>   <div cl
TRUE,FALSE,oring/shared_invite/zt-bz26ugsw-,Wjsb0VBr,"~HCp4pUMGQo6mw"" aria-label=""Code"
FALSE,TRUE,"tion=b+""px ""+c+""px"",j.wmsxBX=b,j.",wmsxBY,#ERROR!
TRUE,FALSE,dE0ZGKE0mNMOTwo7Dv8O3w7I2N3Q3RMK+,wogfNg,/DuFcYe1bDsnpVD1Rzw5jCvsO3U29mw6w
FALSE,TRUE,obile-search').slideUp();});var,wpcf7Elm,#ERROR!
TRUE,FALSE,/AsKlNMK5QcKCwonDusO8NcKqwq7CqcO+,wpcmRD,/CrnTDlkVzw5Z5DcKPwqgnMcOOw5cMc8K
TRUE,FALSE,"before { content: ""|""; } ._1Y6ME .",WqmrI,":not(:first-child)::before, ._1Y6"
FALSE,TRUE,"one"" href=""https://wurmlab.com/"">",WurmLab,"</a> <button class=""navbar-toggl"
FALSE,TRUE,"</td></tr><tr><td title=""_ga_GTM-",WVRS4FR,""">_ga_GTM-WVRS4FR</td><td>mixkit"
TRUE,FALSE,BojYwH+gR8VM53ICgXnb47BklH8K6++,x4NSLoJkrv,/x2vu0Rv2TBXlDicKq72HGZpFLuodZR
TRUE,FALSE,sNNGcttxzECq126IZgHREYQE8vusp2y_,xAloxTHCB,_uW_pTUMbMi5Xb9n_w.1rsScZ2If41y
TRUE,FALSE,cOte;wV5Pjc:L8KGxe;whEZac:F4AmNb;,xBbsrc,:NEW1Qc;yGxLoc:FmAr0c;yxTchf:KUM7
TRUE,FALSE,"url\"":\""https://i.ytimg.com/vi/",xhov2SaS1ME,"/default.jpg\"",\""width\"":120,\"
FALSE,TRUE,"f=""https://microca.st/xrevan86"">",XRevan86,"</a></li> <li><a href=""https://m"
TRUE,FALSE,i/t+wCnk1iXqUo1X+v2y+bYcUtqEwj+,xWRBJ07MtEV,+Jt1UQ+4z/3t8NoE2UC3Xc13hutF26
TRUE,FALSE,U46b yMcSQd Ly6Unf G9Qloe NWW3Jd,XxIgdb,""" jsname=""UzWXSb"" data-uses-custo"
FALSE,TRUE,ms-xxl3 ms-xxxl2 ms-xxlPush1 ms-,xxxlPush2,"""><section aria-label=""User Man"
TRUE,FALSE,++DXug6+bmEDRYbJmrbsamyiZud9lLxT/,yMeBRBY,++olupy7DMQ0lOwX2DM0juNQlzFsBGxt
TRUE,FALSE,"ta-initial-value=""""><div jsname=""",YRMmle,""" class=""AxOyFc snByac"" aria-hidd"
FALSE,TRUE,"ysance.html"" class=""entity-name"">",YSance,</a> <span> Ysance </span> </li>
TRUE,FALSE,"resets_pastel-powerline.md\"":\""n-",ZboroQ,"\"",\""uk-ua_presets_no-runtimes.md"
FALSE,TRUE,952323183-ZI19UG07EOS4Y9H2JWYZ/,ZebrasCoOp,-Primary-RGB-FullColor+%282%29.
TRUE,FALSE,"r"",""December""],""wgRequestId"":""",ZirikUp0PcMK0,"-OxfNjGggAAAAE"",""wgCanonicalN"
TRUE,FALSE,load/production/images/A4oD/strm_,zoicIX,"_.png&quot;,&quot;width&quot;:500"
TRUE,FALSE,wO7yH1IBmW6KH47gnKZax1sp8paZmt+,ZunoMS76M4,+JOCo/rk8t5Gj7SvgM9YajCoHKJFyds